timestamp,total_unique_person_count
2026-03-30 00:44:24,0
2026-03-30 00:44:34,0
2026-03-30 00:44:46,1
2026-03-30 00:45:07,1
2026-03-30 00:49:06,0
2026-03-30 00:49:16,2
2026-03-30 00:49:27,3
2026-03-30 00:51:32,0
2026-03-30 00:52:06,0
2026-03-30 00:52:40,0
2026-03-30 00:52:59,1
2026-03-30 00:53:10,1
2026-03-30 00:54:19,0
2026-03-30 00:54:33,0
2026-03-30 00:54:50,0
2026-03-30 00:55:00,0
2026-03-30 00:55:12,0
2026-03-30 00:55:23,1
2026-03-30 00:55:33,1
2026-03-30 00:55:44,1
2026-03-30 00:56:13,0
2026-03-30 00:56:23,2
2026-03-30 00:56:34,2
2026-03-30 00:58:14,0
2026-03-30 00:58:25,0
2026-03-30 00:58:35,0
2026-03-30 00:58:45,0
2026-03-30 00:58:58,0
2026-03-30 00:59:14,0
2026-03-30 00:59:39,0
2026-03-30 00:59:49,0
2026-03-30 00:59:59,0
2026-03-30 01:00:09,1
2026-03-30 01:00:19,1
2026-03-30 01:00:45,0
2026-03-30 01:00:59,0
2026-03-30 01:01:12,0
2026-03-30 01:01:23,1
2026-03-30 01:01:39,1
2026-03-30 01:01:49,1
2026-03-30 09:34:05,0
2026-03-30 09:34:26,0
2026-03-30 09:34:44,0
2026-03-30 09:35:00,0
2026-03-30 09:35:17,0
2026-03-30 09:35:20,0
2026-03-30 09:35:30,2
2026-03-30 09:35:38,0
2026-03-30 09:35:52,0
2026-03-30 09:36:05,1
2026-03-30 09:36:24,1
2026-03-30 09:36:47,1
2026-03-30 09:37:15,1
2026-03-30 09:37:37,1
2026-03-30 09:38:17,1
2026-03-30 09:38:34,1
2026-03-30 09:38:52,1
2026-03-30 09:39:14,3
2026-03-30 09:39:43,3
2026-03-30 09:40:09,3
2026-03-30 09:40:11,0
2026-03-30 09:40:25,0
2026-03-30 09:40:36,0
2026-03-30 09:40:38,3
2026-03-30 09:40:48,0
2026-03-30 09:40:58,0
2026-03-30 09:41:04,3
2026-03-30 09:41:10,0
2026-03-30 09:41:20,0
2026-03-30 09:41:25,3
2026-03-30 09:41:31,1
2026-03-30 09:41:43,1
2026-03-30 09:41:48,3
2026-03-30 09:41:54,2
2026-03-30 09:42:04,2
2026-03-30 09:42:10,3
2026-03-30 09:42:20,2
2026-03-30 09:43:57,3
2026-03-30 09:44:08,4
2026-03-30 09:44:18,4
2026-03-30 09:44:28,4
2026-03-30 09:44:39,4
2026-03-30 09:44:54,4
2026-03-30 09:45:05,4
2026-03-30 09:45:22,4
2026-03-30 09:45:34,4
2026-03-30 09:46:11,4
2026-03-30 09:46:21,4
2026-03-30 09:48:39,0
2026-03-30 09:48:55,0
2026-03-30 09:49:23,0
2026-03-30 09:49:40,0
2026-03-30 09:49:52,0
2026-03-30 09:50:05,0
2026-03-30 09:50:16,0
2026-03-30 09:50:26,0
2026-03-30 09:50:36,0
2026-03-30 09:50:47,0
2026-03-30 09:50:58,0
2026-03-30 09:51:09,0
2026-03-30 09:51:19,3
2026-03-30 09:51:31,3
2026-03-30 09:51:41,4
2026-03-30 09:51:51,4
2026-03-30 09:52:02,6
2026-03-30 09:52:12,8
2026-03-30 09:55:03,0
2026-03-30 09:55:13,0
2026-03-30 09:55:23,0
2026-03-30 09:55:34,0
2026-03-30 09:55:44,0
2026-03-30 09:55:54,0
2026-03-30 09:56:05,0
2026-03-30 09:56:15,0
2026-03-30 09:56:31,0
2026-03-30 09:56:44,0
2026-03-30 09:56:55,0
2026-03-30 09:57:11,0
2026-03-30 09:57:59,0
2026-03-30 10:00:08,0
2026-03-30 10:00:21,0
2026-03-30 10:00:33,0
2026-03-30 10:03:57,0
2026-03-30 10:04:08,0
2026-03-30 10:04:18,0
2026-03-30 10:04:35,0
2026-03-30 10:04:49,0
2026-03-30 10:05:01,0
2026-03-30 10:05:12,0
2026-03-30 10:06:06,0
2026-03-30 10:06:17,0
2026-03-30 10:06:34,0
2026-03-30 10:06:44,0
2026-03-30 10:07:12,0
2026-03-30 10:07:24,0
2026-03-30 10:07:49,0
2026-03-30 10:08:05,0
2026-03-30 10:08:17,0
2026-03-30 10:08:28,0
2026-03-30 10:08:49,0
2026-03-30 10:09:00,0
2026-03-30 10:09:48,0
2026-03-30 10:09:59,0
2026-03-30 10:10:14,0
2026-03-30 10:15:52,0
2026-03-30 10:16:02,0
2026-03-30 10:16:14,0
2026-03-30 10:16:25,0
2026-03-30 10:17:25,0
2026-03-30 10:17:36,0
2026-03-30 10:17:56,0
2026-03-30 10:18:06,0
2026-03-30 10:18:18,0
2026-03-30 10:18:41,0
2026-03-30 10:19:01,0
2026-03-30 10:19:12,0
2026-03-30 10:19:22,0
2026-03-30 10:20:57,0
2026-04-07 20:58:49,0
2026-04-07 20:58:59,0
2026-04-07 20:59:10,0
2026-04-07 20:59:20,0
2026-04-07 20:59:32,0
2026-04-07 20:59:43,0
2026-04-07 20:59:53,1
2026-04-07 21:00:04,1
2026-04-07 21:05:07,0
2026-04-07 21:05:17,0
2026-04-07 21:05:28,1
2026-04-07 21:05:38,1
2026-04-07 21:05:49,1
2026-04-07 21:05:59,1
2026-04-07 21:06:09,1
2026-04-07 21:06:20,1
2026-04-07 21:06:32,1
2026-04-07 21:06:42,1
2026-04-07 21:06:53,1
2026-04-07 21:07:03,1
2026-04-07 21:07:13,1
2026-04-07 21:07:24,1
2026-04-07 21:07:34,1
2026-04-07 21:07:45,1
2026-04-07 21:07:58,1
2026-04-07 21:08:10,1
2026-04-07 21:09:07,1
2026-04-07 21:09:29,1
2026-04-07 21:09:40,1
2026-04-07 21:10:01,1
2026-04-07 21:10:13,1
2026-04-07 21:10:24,1
2026-04-07 21:10:38,1
2026-04-07 21:10:51,1
2026-04-07 21:11:13,1
2026-04-07 21:11:32,1
2026-04-07 21:11:42,1
2026-04-07 22:30:11,0
2026-04-07 22:30:21,0
2026-04-07 22:30:32,1
2026-04-07 22:30:42,1
2026-04-07 22:30:54,1
2026-04-07 22:31:05,1
2026-04-07 22:31:15,1
2026-04-07 22:31:26,1
2026-04-07 22:31:38,1
2026-04-07 22:31:48,1
2026-04-07 22:31:59,1
2026-04-07 22:32:09,2
2026-04-07 22:32:20,2
2026-04-07 22:32:30,2
2026-04-08 13:53:08,0
2026-04-08 13:53:19,0
2026-04-08 13:53:32,0
2026-04-08 13:53:54,1
2026-04-08 13:57:24,0
2026-04-08 13:57:34,1
2026-04-08 13:57:44,2
2026-04-08 13:57:54,2
2026-04-08 13:58:04,2
2026-04-08 14:12:46,0
2026-04-08 14:12:57,0
2026-04-08 14:13:07,1
2026-04-08 14:13:21,2
2026-04-08 14:13:33,2
2026-04-08 14:13:44,2
2026-04-08 14:13:55,2
2026-04-08 14:14:06,2
2026-04-08 14:14:16,2
2026-04-08 14:14:27,3
2026-04-08 14:14:37,3
2026-04-08 14:14:48,3
2026-04-08 14:14:58,3
2026-04-08 14:15:10,3
2026-04-08 14:15:20,5
2026-04-08 14:15:32,5
2026-04-08 14:15:42,5
2026-04-08 14:15:52,5
2026-04-08 14:16:03,5
2026-04-08 14:16:14,5
2026-04-08 14:16:25,5
2026-04-08 14:16:35,5
2026-04-08 14:16:45,5
2026-04-08 14:16:55,5
2026-04-08 14:17:12,5
2026-04-08 14:17:24,5
2026-04-08 14:17:35,5
2026-04-08 14:17:46,5
2026-04-08 14:17:56,5
2026-04-08 14:18:08,5
2026-04-08 14:18:18,6
2026-04-08 14:18:28,6
2026-04-08 14:18:39,7
2026-04-08 14:18:49,7
2026-04-08 14:19:00,7
2026-04-08 14:19:11,7
2026-04-08 14:19:21,7
2026-04-08 14:30:11,0
2026-04-08 14:30:21,1
2026-04-08 14:30:31,2
2026-04-08 14:30:42,2
2026-04-08 14:30:53,2
2026-04-08 14:31:03,2
2026-04-08 14:31:13,3
2026-04-08 14:31:41,0
2026-04-08 14:31:51,0
2026-04-08 14:32:02,0
2026-04-08 14:32:12,2
2026-04-08 14:32:22,2
2026-04-08 14:32:34,2
2026-04-08 14:32:47,2
2026-04-08 14:40:27,0
2026-04-08 14:40:40,0
2026-04-08 14:40:59,0
2026-04-08 14:41:09,0
2026-04-08 14:41:19,1
2026-04-08 14:41:30,1
2026-04-08 14:41:40,1
2026-04-08 14:41:52,1
2026-04-08 14:42:03,1
2026-04-08 14:42:14,1
2026-04-08 14:42:28,1
2026-04-08 14:42:38,2
2026-04-08 14:42:48,3
2026-04-08 14:43:02,4
2026-04-08 14:43:13,4
2026-04-08 14:43:24,4
2026-04-08 14:43:34,4
2026-04-08 14:43:45,4
2026-04-08 14:43:57,4
2026-04-08 14:44:07,4
2026-04-08 14:44:17,4
2026-04-08 14:44:28,4
2026-04-08 14:44:40,5
2026-04-08 14:44:50,5
2026-04-08 14:45:01,5
